cell_type_l4	dim_1	dim_2	dim_3	dim_4	dim_5	dim_6	dim_7	dim_8	dim_9	dim_10	dim_11	dim_12	dim_13	dim_14	dim_15	dim_16	dim_17	dim_18	dim_19	dim_20	dim_21	dim_22	dim_23	dim_24	dim_25	dim_26	dim_27	dim_28	dim_29	dim_30	dim_31
AS_DC	0.006683995580188637	0.0019216608065606466	0.0005378893850438614	0.0002983994825208462	-0.0003560687458629908	0.0008677047833205788	-0.00021297203290741778	-0.0005314282814230216	0.00017150899955134272	-0.00010338088617411246	-0.00018054421207902956	-9.53965455095319e-05	0.00043158590812263266	-6.548526661410818e-05	-0.0004584602575501414	-0.0001956205579736471	-0.00029603593193191206	-6.837962486035097e-05	0.00011493773028152576	0.00039549117047020277	-0.00023362189262817544	0.00011627550631310893	-6.295275976816345e-05	-0.00026275019338588783	-9.611368539486508e-05	-1.2016417099461325e-05	8.274616150335332e-05	-0.0002112695055503273	-0.00020468734211021237	-0.00021397384065257024	-0.00013382347677507253
Atypical_Bm_ITGAX	0.009023747948234996	0.0026047124445574043	-0.00028686293614762115	0.0022696877875814595	-0.0002507055125041178	9.629843014214175e-05	-0.0007791610665707217	-1.1465634395599825e-05	-9.929246190169357e-05	-5.316894647206331e-05	-0.00012444033169301723	0.00015909103173959675	4.424827705274574e-05	-0.00012534429246757538	-0.00018397911231249575	-7.350133465025009e-06	-8.184294427050695e-05	-5.9899154380569475e-05	-2.6385384396841627e-05	6.777596910424217e-05	-0.00014730985632863046	9.45472141259211e-05	-3.966623949991232e-06	1.592902376407255e-05	0.00013019039114512464	2.233562220907606e-05	-4.092044665926142e-05	-5.3332598597892266e-05	0.00015255100782557017	8.94899964463734e-05	-2.5303144166811842e-06
Bn_IFIT3	0.010076522494546637	0.003030242392859921	-0.0010284955511948653	0.0017295013332593596	-0.0012888506270601853	-0.000895398185217112	7.443062423014262e-05	-9.072967217075991e-05	0.00010812868785889212	-9.117396519822984e-06	0.0002982791287794311	-4.371075475390479e-05	-5.103833650479791e-05	0.0002646487876915821	0.00021471288300307323	3.543454463851303e-05	0.0002641802840233459	0.00023498135078590547	4.7015573108938226e-05	-0.000210412506699264	3.779915404367264e-05	-1.0127247204998027e-05	2.0736692767063776e-05	-9.673134707149854e-05	-0.0001588538446349916	-5.3266279913760994e-05	-2.3701506209141196e-05	0.00020345659236921788	1.0083692488471034e-05	6.991965569961253e-05	-3.511966050256014e-05
Bn_TCL1A	0.010030027953489878	0.0030528795257772907	-0.00103233242059472	0.002275415495315997	-0.0008658630008963293	-0.0005171930429980905	1.8972057890444687e-05	-0.0002172514103294339	8.514690207800324e-05	4.326761291381962e-05	0.00012197752118050874	8.123545309320237e-05	-3.281893944536552e-05	9.199774169300852e-05	5.3271502883833864e-05	1.0069505294494792e-05	3.6957702325044834e-05	0.00015572477201733994	2.409803630317474e-05	3.0323557573004903e-06	6.958850283818171e-05	-0.00010891863412118012	-7.426340530920526e-06	-1.997488692750067e-05	-0.00012861775213440235	-7.494689786559431e-06	-1.9062773967665705e-05	-3.399398839456504e-05	-5.091300407656649e-05	-7.816033161835186e-05	-3.954383369859179e-05
CD4_CTL_GZMH	0.011748871475801101	-0.001839478492838479	0.0018018162176540314	0.00022760859871149558	-8.175102162574497e-05	-0.00021816663337146026	-0.0010763656396372927	0.00047376372656993755	0.00011035379338946569	-0.00013964545003751844	-0.00047530521188296276	-0.00016728326545146257	7.388959614992142e-05	-2.6914723279519763e-05	-0.00012370717262179056	6.970180608232863e-05	-0.0001323400231079562	5.343293837787357e-05	8.823109258686052e-06	3.9638977586345285e-05	7.926204005841083e-06	9.668950882947223e-05	6.933889272328759e-06	-9.733624589637561e-05	-1.826876571139919e-05	-2.5818779836499994e-05	-4.787865348390367e-05	6.744927283193254e-05	-0.00012001401189122072	8.800461014918569e-05	3.392543352437082e-05
CD4_Tcm_CXCR5	0.011398469657830519	-0.0013234677922579552	-0.0021390758186157783	-0.0002713271648370294	0.0005536511161633725	0.0008344729674485134	-0.00012017594233772987	-0.00041253908962563327	0.00039875986174133757	-0.00011042317937806368	-0.00042673150712704984	0.00018741058921925693	-8.158020120741904e-05	1.010005292277634e-05	-3.161363694930624e-05	-4.120022744992144e-05	-5.828320665298303e-05	-3.758889302005086e-05	4.9667559054577273e-05	5.3301679155169064e-05	-7.164894452151215e-05	3.387072638628554e-05	-3.8450980261152936e-05	7.299338382857122e-05	3.0932627655786796e-05	-8.004166674511256e-07	-3.135056185080486e-05	-1.1166733772766238e-05	-2.7323441217212792e-05	-3.1882854175671774e-05	6.362653324662022e-05
CD4_Tcm_IFI44L	0.011535048922646124	-0.0007886966479258105	-0.0021127853203782234	-0.0010545310070175624	-0.00041371427048381127	-0.00022662873121968665	-0.00031927766385050405	-0.0008280342949424084	-8.061360734541065e-05	0.00012788476345706285	0.00029644073479421747	-0.0001174177324166434	6.298146780674295e-06	-1.6129069350979418e-05	0.00011075771380246658	6.0188487730482085e-06	8.347887016927168e-05	3.725603677858444e-05	-5.28411101426164e-05	-6.209043100142289e-05	2.5039143998136713e-05	-8.643262186209307e-05	-1.1949864874001394e-05	-2.359620952462143e-06	3.612117428806988e-05	-1.982893900267119e-05	-1.041123980453799e-06	3.472023133894681e-06	-7.367715098020382e-06	7.08799929861501e-05	9.337931222601566e-05
CD4_Tem_CCR5	0.01111790704583603	-0.0014329113558548962	-0.0005381090039406945	-0.0003581587084888993	-0.0009536062770057155	0.0004766686596659084	-0.0007950209862902726	0.0004974502076632425	-2.7804202585280284e-05	0.0010006371140948418	-0.0004266479305891229	0.0003243373099862059	-0.00017094893459185392	-0.0001665663467750138	0.00018334196112159356	-1.2874861812389966e-05	4.1396389541725036e-05	2.4240603424607114e-05	-1.747095953633947e-06	-6.286768936708228e-05	-3.4542659289186425e-05	1.870046744773445e-05	1.762940319937307e-05	-8.829448370779344e-06	0.00014126566435444145	7.4956876428159756e-06	-3.0473565468722175e-05	-5.91623474613117e-05	9.99733478620774e-06	0.0001255089512462562	4.905276653869098e-05
CD4_Tem_CCR7neg	0.011813418815491946	-0.0013189510956874966	-0.001598509475553392	-0.0005933164032679424	-7.568617457958791e-05	0.0007255023948746305	0.00013682720392298213	0.0003394302958484809	0.0001327400413129612	-4.914598030055995e-05	-5.6609204475352916e-05	-0.00012935817787252033	-2.3842381848276306e-05	1.314290793197708e-05	-0.00016225752465855446	-7.9904163049654e-05	-0.00010074494919353022	-0.00014231810316623023	3.34762743160125e-05	4.1084388969278494e-05	-5.43344756072981e-05	-5.08146333844039e-05	-2.652682141868142e-05	-3.484984554651012e-05	3.5495967510331906e-05	-2.1527898429617332e-06	3.728833620589731e-05	3.172661741261497e-05	7.615374883474489e-06	-7.517188829647003e-05	-1.4915637747255908e-05
CD4_Tfh-like_CXCR5	0.011820838971667726	-0.0012098180184421056	-0.00205561001070747	-0.00024105186013384912	0.0009875232441204497	0.0005998149473083422	-0.00018916876164293573	3.863499621117014e-05	0.00016659854792663866	-8.453201239687729e-06	-0.0003916013764295914	0.00013390541469573248	-0.00019623581168608787	3.594628443054136e-05	0.00010375734108784618	-8.477065248024338e-05	5.5896952027262276e-05	6.258040797732677e-06	6.028359678459637e-05	3.0378067513732865e-05	-8.514034161043807e-05	6.283777299575933e-05	-6.529715375158892e-05	1.5955993002182365e-05	2.8398848685700748e-05	8.644727451826169e-05	0.0001254123059952967	0.00012035843017709263	-5.87476052497113e-05	-4.178769088268019e-05	0.00011801772377634642
CD4_Th1-like_GZMK	0.011567092479495833	-0.001635146035090869	-0.0008075025249477644	-0.0003100787335113765	-0.0005581447028577971	0.0009326897244136663	0.00013270611570123382	0.0005947291593388989	0.0002536609655005265	-0.00015347292746840143	-0.0002937966170109311	-0.0002755045601222573	-4.134152607250204e-05	4.0690425967474704e-05	3.2939087318150714e-05	-6.089228445798022e-05	-5.0363745395273085e-05	-3.14074582869729e-05	3.450061125138054e-05	3.2053317409930865e-05	2.3405886669671587e-05	-2.4084451039605416e-05	5.163093327708352e-05	-2.2212520958951425e-06	3.9070661643206054e-05	-9.172545672065994e-05	9.893410415420693e-05	8.362058510653965e-05	-8.352419229911919e-07	4.3295099456294e-05	4.83129106295578e-05
CD4_Th17-like_RORC	0.011773053855068771	-0.0012905139316929702	-0.0011425618805869506	-0.0004983649114564272	0.00014566846924246935	0.0005459327946177012	0.00026079716891094806	0.0007079053843296469	8.781249066581461e-05	-0.00027296461373894047	-0.0003015393770258446	-0.0005165200505345512	0.00021640901429430384	0.00014485877575131804	-8.07443159841638e-05	6.385484280032865e-05	-8.087222564508558e-05	-5.1832596983080504e-05	9.90699816364012e-05	0.00023422640878938163	4.725038341300773e-05	-4.7388841892877414e-05	-7.347880536069487e-05	-0.00010645127229299078	-0.00017871525061664443	2.0481193363113298e-05	-4.6490812097630505e-06	0.0001287022294783901	2.4449169470900288e-05	-0.00013752079291249564	-7.622840095268049e-06
CD4_Th22-like_CCR10	0.011809657964440012	-0.0016676562209455008	-0.0011027199740350374	-0.00034477277980491283	-0.0001782438101852811	0.0013839406059687198	0.00015052198247680957	0.0010781760363978033	-0.0002338517280664289	-0.00019467516024674255	-0.0002246275423628672	3.296541630906948e-05	7.52747360217763e-05	-6.812056628181565e-05	-0.00019344692376798434	-0.00017129040009445875	-0.00034625847819977844	-8.598410345128121e-05	0.00010334106086360173	0.00018955316097873018	-0.00017708058604906052	-9.376189932485288e-05	-5.038273541748197e-05	-6.469183847620505e-05	-2.0006355603084357e-05	-1.6009326826336795e-05	5.906062123922116e-05	1.3880183790175506e-05	2.305643954435339e-05	-0.00015116327987563686	-2.2635471838324335e-05
CD4_Th_CCR4	0.011665435477766987	-0.0013491181741120987	-0.0011670831574280085	-0.000915126095024377	-0.0011167158749118373	0.0006536549204802495	-0.00010261050827906221	0.0007065033916741368	-0.0002802335623066388	0.00013719478565962532	-5.941913524238458e-05	0.00015797918615633667	1.26619261443585e-05	-4.166199691662839e-05	-8.753367606117276e-05	-9.025045684022139e-05	-0.0001223542131911139	-8.478468520562311e-05	6.749541946356831e-05	-1.4403770523463822e-05	-0.00010071803026269513	-5.342103943185153e-05	3.8241380747525185e-05	-1.856362361221313e-05	-3.6126088780656965e-05	-4.313583910905794e-05	7.352446548468805e-05	-1.7736243768474645e-05	6.678461846663067e-05	-2.39999265379757e-05	8.101491553186925e-06
CD4_Th_LMNA	0.01185250538323751	-0.0012900690221618707	-0.001150522305786059	-0.000841069180035295	-0.0007277971293281665	0.0006503765523564991	0.0002052357404186545	0.0008557117749923224	-8.87228747686292e-05	-0.00018806079666761313	-9.408766758523665e-05	-0.00012787186074481914	0.00015417396055923801	-1.668409359126965e-05	-0.0001501349864126652	-0.00010271300352886594	-0.00018340016926796064	-0.0001330191358933216	4.281185244454017e-05	5.6679901961770996e-05	-0.0001254984292009413	-2.2069635552268497e-06	0.00010853182328346988	-1.4777031588409815e-05	-3.783116510648807e-05	-5.4466387780104776e-05	1.8503983069951363e-05	9.351708971205859e-05	7.96349982188037e-05	-0.00013047004894027915	-6.050863582847308e-05
CD4_Th_TNFRSF11A	0.012097232766767203	-0.0014036127543316282	-0.0015022265934814517	-0.00028469704916462624	0.0003920535427868852	0.0009537043107947764	0.0003975617760304742	0.00048547378401941747	6.369303715942708e-05	-0.00011224221338699566	-2.9419908317386405e-06	-0.00032545602960030084	8.034688323045849e-05	-8.117977845861499e-06	-9.590947892788724e-05	4.3352251345419054e-05	-4.8037100646537214e-05	1.0786389166007147e-05	4.242641224679759e-06	0.00015233668306814332	-0.00021016911055451927	-0.00010328610315197206	1.3099786882311567e-05	-9.24949416274105e-05	-0.00019165218405130908	-3.0882932241252625e-05	0.00012293213922924475	5.521910706696372e-05	1.3661547784699682e-05	-0.00010078190701179532	-2.5441105123305544e-05
CD4_Tn_CCR7	0.011619742717683037	-0.000947638537442716	-0.002427507982487865	-0.00032824513359750563	0.0011343975511550939	0.0003238307145701309	-2.4633792491751855e-06	-0.0013185756157643976	0.00040801417785871273	-1.4404617174768958e-06	9.229540517289171e-05	-6.875570580687459e-05	-3.62144404882108e-05	8.925621321069189e-05	0.00010621864479763121	1.0220769807078656e-05	0.00020990323454219594	0.00011765239507032838	2.4721969004020764e-05	3.900466190306911e-06	0.000215500857367454	-6.889485107976087e-05	-1.0644870367795085e-05	3.1310833953626266e-05	1.892499786842469e-05	-5.085907469992584e-06	-0.00017022129207819162	2.3083150190600705e-05	-0.00010835598929514595	3.8620189118183603e-05	6.24440505186602e-05
CD4_Tr1_IL10	0.01143962329722489	-0.0011383298644130908	-0.001206270316104955	-0.000482501981063913	-0.0005374513767314691	0.000151317410893453	-0.0003625052595093395	-0.00011499408569775541	-0.00028909490726059347	4.462753847127234e-05	0.0001806077943180904	0.0004927963464629399	-0.00018463178803922436	-0.00011412823023313567	0.00010967700241906965	-1.7484551013234478e-05	-4.0009775631311554e-05	-8.752715025847747e-05	-9.19300180670947e-05	-9.51832715533245e-05	5.607049011927046e-05	1.0090305385742203e-05	4.120375986043117e-06	4.0776020805487586e-05	6.629821591105131e-05	4.096204917811818e-05	-7.445657702941015e-05	3.54232643303599e-07	3.4517939903438786e-05	-6.141027046159729e-05	-8.057733610697751e-05
CD4_Treg_FCRL3	0.01186331327455721	-0.0009180338077036914	-0.0021421541072217274	-0.0002033935442291926	0.0014171665984157198	0.00021273065599897569	-0.00032054823935171074	-0.0003368841699949913	-0.0002561246371350196	0.0001542528848084203	0.00010042811658635603	0.000483074684267144	-0.0001439121892822672	-6.524307207929537e-05	0.00014069732195253206	-2.255868772473385e-05	0.00015562890790725344	7.72654851207834e-05	-2.194089485100187e-05	-2.826614973266777e-05	0.00021691725042889492	5.780023451344742e-05	0.00010188287017453269	-2.064969486021826e-05	5.156696267177846e-05	-2.4876981069219262e-05	6.24197671815486e-05	9.558667549994902e-05	-0.00010372033434164167	0.0002787408711912645	0.00016345113210203214
CD4_Treg_FOXP3	0.011846038163591978	-0.0010911217083955983	-0.0013225182027774259	-0.00040788901768263496	0.00041510330135834876	0.0003826679285356105	-0.00040105492793657635	0.0009109659321674728	-0.0006581937323861783	0.00012026441235578069	-0.00014159882243742583	0.0005776047731437608	-7.093373616005668e-05	-0.00013541961259911926	6.100499515465356e-05	5.792708508290624e-05	-6.981382585680436e-05	3.8661799302195986e-05	7.139831015334109e-05	-9.791162951555778e-05	-0.00011436313001716188	0.0002004829450786562	-0.00011981837754373713	-0.00022257468082918777	0.00016072244999494958	0.00010840542449793633	-3.711777251105405e-05	-8.984128689902276e-05	8.727753896111872e-05	0.00023915983636521465	-0.00012479795213410743
CD8_CTL_GZMB	0.011698277992959647	-0.0018038876092863632	0.002289947315433292	0.00038137997319997557	0.00011902411231487853	-0.0005994089256693768	-0.001308831862791887	1.6249137141482205e-05	2.696323429475592e-05	-6.646541289793978e-05	-0.00010349983090456644	0.0001211381621450608	0.0001323301460462566	-3.957373153688078e-05	-0.0004131082819844761	-2.3814401921801172e-05	0.00013262370775374082	0.00014857031696009887	0.00010626323720783829	7.875326124530914e-05	4.408796574229115e-05	0.0001457964054789911	7.367912481558466e-05	1.949053794196542e-05	-5.127603748678398e-06	-0.00010703865075364743	-0.00010337359101064933	0.0001291469802386129	-7.748890368046776e-05	1.5920562501584943e-05	8.680762866453697e-05
CD8_CTL_GZMK	0.011664770163927998	-0.0020415019524188337	0.0008387858771010052	0.00020502790685797515	-0.0009258787862176147	0.0006719779718410582	-0.00014781964928076936	0.000524384659732724	0.0004926384608120243	-0.00025692775430022753	-0.0005581781257493411	-0.00046613846330863343	-0.0001444439302044489	-5.106687186360775e-05	8.799757579152311e-05	0.00015506658148537267	0.00010837215265785244	-4.155508295426164e-05	-3.4750973571451706e-05	5.745679904209777e-06	8.4516283629559e-05	-3.046827773026315e-05	-4.923829403686816e-05	9.52092217460452e-05	3.586337516058797e-05	-8.069523240483123e-05	9.88288441661891e-05	2.7305502813514714e-06	-6.374804759652183e-05	5.9970161124925e-06	4.562128806232687e-05
CD8_CTL_IFI44L	0.011533886977543133	-0.0008888368826082279	-0.0005209002850418117	-0.0011517196635572322	-0.0015874465673450912	-0.0006551282905138804	-0.00030813587769865916	-6.446196391207545e-05	-0.0002331125668279635	0.00013748749232078892	0.0003125133588957081	-0.0003841654369789837	-9.379778161034238e-05	1.3163239426249237e-05	0.00019196752606205386	0.0001541706936347273	4.628778158847748e-05	-2.257523389681798e-05	-0.00013488258718541803	-0.00014630343298657116	5.6634429382947086e-05	-0.00010377138890843815	4.130197492350245e-05	7.44370725616517e-05	6.823613050637402e-05	1.2705426219485478e-05	8.253545198187866e-05	-8.806210553656363e-06	-3.169251301559041e-05	8.114841528654451e-05	9.711985582647232e-05
CD8_Tcm_IFI44L	0.011218399200318611	-0.0006961044699687004	-0.0019937184703208892	-0.0011517536040686063	-0.0009290093963347868	-0.0003999750259805835	-0.00014230717448437627	-0.0014654571743928921	1.4099743368389058e-06	3.124117619116068e-05	0.0005598085898352039	-9.19646431077353e-05	7.196590527798144e-06	3.834816902956502e-05	5.338577725885962e-05	3.3433938392188223e-07	0.00012061998257870498	-1.4882777326964392e-05	-0.00010365872613567203	-0.00012498335396654987	6.282488377162884e-05	-3.827731745325004e-05	2.3101432652735437e-05	-2.873793150511012e-06	-4.466863052714798e-05	-6.381731032032491e-06	-4.670992789261032e-05	-1.0959098322403123e-05	1.7154740873510536e-05	-2.302367849867655e-06	-3.0378252381094132e-05
CD8_Tem_CCR7neg	0.011599505062515393	-0.0018933703157206015	0.0008809196842972838	0.00042246460795488977	-0.0005267947069573428	0.00018710815979657667	-0.0003920687754679538	2.2326659356321925e-05	0.00023797381139006277	-5.755755776262235e-05	-0.00029564711049192926	-7.088389895319508e-05	-0.0001852099746182864	-3.8891358450103154e-05	0.00010070441056039695	0.00012673973649188173	0.000145998681587563	5.4551129223224826e-05	-7.125363007568849e-05	-0.00012895636105046473	0.00015015963451163464	9.48206323094083e-05	5.185570789226671e-05	2.1337526947390635e-05	0.00013215474440420383	-1.0319043477871293e-05	-2.1942283271272718e-05	-0.000134271757217299	1.4358550188079175e-05	5.263641793372192e-06	-0.00013797914729820257
CD8_Tn_CCR7	0.01151105790216761	-0.0011994951963950854	-0.0021020707989530805	-6.887207975046518e-05	0.0006472596995453823	0.0005792975273253789	0.00016674713096688116	-0.001744995215006494	0.0004095802532420066	-0.00010987848873626268	0.0004988849885860634	6.224613519806588e-05	-6.783615953317219e-05	1.715817154286212e-05	6.090820724040576e-05	3.354667154666152e-06	9.569883696798238e-05	0.00012214742907520976	-0.00022326732663532762	-8.041094954956366e-05	0.00018803424639272297	-0.00012105538992557466	-5.142640293144577e-05	5.3465881865491246e-05	-3.4457350477533164e-05	-2.1071800728598943e-06	-0.00011482041256504471	-1.7265473471824052e-05	-4.2978419722996756e-05	-4.633856467625343e-05	-7.29640777896283e-05
Proliferative_NK_MKI67	0.012332573261625512	-0.000238248094325253	0.001809248385805271	-0.0002394725910575189	0.0013990984193175693	-0.0021256652911952785	0.0003654194602100447	-0.00019059399841990954	-0.0003316492015920165	0.00021628997712858935	4.222053951745401e-05	0.0003732623061366257	-1.4319013620368029e-05	0.00010476802734899268	3.059067015910181e-05	-1.1669444693267032e-05	-6.191886697236659e-05	-7.617170628267671e-05	0.0001231084529279076	-1.9731828332640816e-05	-2.8260204720606834e-05	1.2309984950200553e-05	9.121805425091657e-06	0.00015136933803194737	-0.0001186295092912985	-5.956339124803668e-05	8.136666792941382e-06	-9.185247419160695e-05	0.0003054974254478773	-0.0002107562036854156	-0.0001168117077199942
Proliferative_T_MKI67	0.012493626907901454	-0.0005280919710225565	-0.001095600277358638	-0.001099413928314351	0.00019754966031805494	-0.0010730172334757365	-0.00047029770257495844	0.0008783151663612958	-0.0008179733196491733	0.0001006153138578015	0.000447601873024499	0.0005541140856116447	5.5566502146005064e-05	5.6198375795181445e-05	-1.520567112258915e-05	-7.033108202372635e-05	-0.0001208669934373565	4.615932476887787e-05	8.817392319108934e-05	-8.584657977129573e-05	-0.0001819247272709694	9.295961839842047e-05	7.557909126364801e-05	-8.510168505878177e-05	3.7072937876733226e-05	7.956910744053718e-05	-0.00011398823559143302	-0.00013621645561738693	0.00012229445109641422	0.00011445892224477558	4.0627863464788964e-05
HSPC_CD34	0.007411366502012415	0.0010454915520632401	0.00020119135129885324	-0.0005243992228966519	0.00011676503852906828	3.600872373432724e-05	0.00026925654917746793	-0.0006683433268551118	-0.00041738920579764867	4.271805404176167e-05	-0.00010594733810698611	-0.00023918841971311413	0.0003918810208820899	3.5621531852623936e-05	-0.0002671478409511839	-5.709674064109828e-05	-0.0002560854435203994	-5.050149222120311e-05	0.00026333160833456204	0.0003736228968221451	-0.0001465536170431673	0.0001287296099453758	1.5012061768509644e-05	-0.0001381788178290239	-0.00014178465547909786	1.876658372948492e-05	6.915695393172175e-05	-0.00018262529557190002	-3.853322341228874e-05	-0.00011812950741675624	-0.00013196648492971736
ILC2_IL2RA	0.011385470865421028	0.0004397283929637854	0.0005219391059970999	-0.000908675120207354	-0.0001774351536308568	-0.000732857990743807	0.003149918148907523	0.00011983135428765292	-0.0006413066015180722	0.00033573362300980526	-0.0005865469514370919	0.0004926171795889266	0.00024247025830043324	0.00026262141946068645	-0.0002203765545769184	-0.00020155002122533016	-0.0002438984230724177	-9.513283012877453e-05	0.00015278835774581328	0.0002964840909394199	-5.978697257009849e-05	-5.241346999177216e-05	-6.275725520061624e-05	-6.779047889803628e-05	-9.218015244722924e-05	-0.00013858170375178933	-7.665314088387188e-05	0.00015544785338278855	-9.615570286259541e-05	7.389250823448757e-05	-3.615876648848228e-05
MAIT_SLC4A10	0.011612308522965471	-0.0016582880968606223	0.0008055701349600476	-4.303714241178948e-05	-0.0009394102758696126	4.5425288066363216e-05	0.00020654519948595942	0.0002929263906588062	0.0002448408184561339	-0.0001935372348958266	-4.7171416270047443e-05	-0.0007839481057789468	-4.067767661914353e-05	3.355433065846179e-05	0.00012562072937548523	0.00024044856769218757	0.00014058213065772714	-2.2204025426348397e-05	3.187515378784266e-05	-7.706045628947914e-05	0.00016907767377560801	-0.0001676821339512131	-9.524453309938934e-05	0.00019460201450449512	1.4617831492184402e-05	8.13780594521465e-05	2.2817000738790087e-05	2.4167023806833757e-05	-0.00011021938889953738	-0.00018341944555206414	-0.00014310946038606446
MK_GP9	0.011104486288165849	-0.0010354020606154228	0.001511577675709333	0.0005271801507114897	0.0004278450807342052	0.0011699075930056018	0.00027298026727415206	5.8416707613976025e-05	0.0011655666406966407	-5.880077851357829e-05	0.0011917799156362467	0.00040064002016499995	7.939371783168638e-06	0.00034688649740817967	-3.974067460411064e-05	-0.0005082185577916235	-0.0001153855628808076	-1.6078238567470372e-05	-0.00010170585893053706	0.00012339258392990907	-9.453963573044905e-05	-9.394920903687045e-05	-0.00028863880685377273	0.000102179549795816	0.00014700364704698176	-0.00019836027520414394	0.00011996612233064659	-0.00010165221508679983	0.0001450482138675287	-2.0623957774440198e-05	0.00038256930872995054
Mature_NK_dim_FCGR3A	0.011401386434168478	-0.0009700038469707053	0.0029327199555858113	0.0005527385895602397	0.0005914262485681251	-0.0010774553937820807	-9.263575432569956e-05	-0.0009067692229921511	-0.00013731481995798598	7.212775184341682e-05	-0.00016623423865985774	0.0002916582202746807	-6.846195021593247e-07	-6.760992704274934e-05	3.228383713098743e-07	-0.00010303031914496136	-0.00014964325264140693	0.00010519869964459286	-4.826980854264652e-05	-8.088421534689131e-05	-0.00019902587976209008	0.00011612328870958037	4.3289121038995285e-05	-0.00015314279377552826	-2.014255215434218e-05	4.756911570499956e-05	-2.9840008070704304e-05	8.006515807866291e-05	8.548939615116342e-05	-1.0393003254045037e-05	-4.1857695411240944e-05
NKT_IFNG	0.012518303234227183	-0.0009759579231963324	0.002379045415224071	0.0002398025406583509	0.0011769342599793218	-0.0011413488629392582	-0.0001167552916424289	0.00022815329433800024	4.3764148809717834e-05	0.0001001538857425972	-5.9644894494239157e-05	-0.0006399551103605558	-0.000376742018615953	-0.00017501222876060147	0.00020519884691998455	0.0003373299191383404	-6.505786423991772e-05	0.00015212684638642602	-0.00016305964596442297	-3.399223706552859e-05	0.0002222154404080262	-7.085552720195418e-06	7.568336924617721e-05	-2.988056740260114e-06	0.00018129901242678792	5.018632905730436e-05	-0.0001928009570587158	0.00015870519023453402	0.00010444165250930502	0.00016644864205065632	2.3046842618904477e-06
NKT_NCR1	0.011405643009681323	-0.001554260088859269	0.0028407642496807942	0.0005938490106948936	0.00025211520709224664	-0.0007503171334649934	-0.001064589263356675	-0.0002129157735523601	-0.0004097845747371726	-2.1307669755237864e-05	-0.0001960953037579747	0.00022841066082686815	0.00010911749063564585	-3.865440893084963e-05	-0.00016670587302170827	1.9200028851532277e-05	0.00010220310314433769	0.00010683056669930446	-3.305275729489662e-05	0.00013216440362552408	2.1172703548978465e-05	7.29455955628457e-05	4.843579642728416e-05	-1.286380319675225e-05	2.1409682560047217e-05	0.00012506909754961336	-9.025246940195866e-05	0.00022476460198406315	-0.0001394493406888803	0.0001442497184794083	1.6782644928813146e-05
NK_bright_XCL1	0.010424463477426855	-0.00042510447644192014	0.0021917697022263943	0.00026100972490139036	-0.0007404811585577167	-0.000371939440352183	0.002208856604828467	-0.0008566539609713383	-0.00048756080009796385	0.00013862758244207162	-0.0008036931078668589	0.00022004744583275598	-2.9578444752623788e-05	3.170220647977162e-05	0.00011832173728920887	5.2860314413264345e-06	0.0001316297080031767	-5.3966349234756156e-05	3.837472630972024e-05	5.282484745537661e-06	-2.0844301287484518e-06	8.545680785803668e-05	-0.0001243365086746146	-4.335452141152202e-05	5.6485617042462724e-05	-2.828795080550225e-05	2.6793396487803326e-05	6.765837103636146e-05	5.3532313297826215e-05	-8.479123370369903e-05	1.9646326129417737e-05
Plasma_IGHA1	0.012702384785972574	-0.00019156206968092219	-0.0009756440633625135	-0.0004719615432297742	0.0018651524273739883	-0.0015981672843462544	2.3724429133374098e-05	0.0003742067511776379	5.182530074194496e-05	-7.887682618547673e-05	0.0001340387702085989	-0.0002731674515430063	0.00010918083198563949	6.275881941333445e-05	-5.978175340420102e-05	0.0001202896157775516	8.224821168931913e-05	9.211378715636077e-05	1.4179755379824447e-05	-9.741088355656448e-05	2.58208339299071e-05	-0.00010651744631258572	6.641080547750294e-05	-0.0002852431530155501	-6.629452410482905e-05	0.00020797888069298473	0.0001060494399079426	-0.00012690760693706947	-1.5533208419827785e-05	-3.9305767752895795e-05	-6.443388446167477e-05
Plasma_IGHG1	0.012421352355697022	0.0006425231130835836	0.00039281781647706245	0.000120580384766665	0.0015373733300822192	-0.0017427099628299113	0.0014161491982562563	0.0003891303099999874	-4.099207896884058e-05	-8.317711265392641e-05	-0.00011414385204780713	-0.00016876973019375232	0.00037998685487211593	-0.00020740438571623213	7.204197798942391e-05	-7.359913143041656e-05	0.00012094206860430414	-3.630294271582118e-05	3.7959811790552565e-05	-0.0001367706144411808	0.00016721432008699196	0.00015010685106071512	1.6471392992534081e-06	8.098333681114643e-05	0.00017193479816639346	-9.008596357694653e-05	-0.00017967932803714787	-6.754353459903663e-05	-0.00018815491865399793	-0.00019898992040405544	-5.8864536936332585e-05
Plasmablast_MKI67	0.01288907198542502	-0.00023831101459574264	-0.0013607924283459433	-0.0011112658777685457	0.0009702160119287313	-0.001580048083138271	-0.00029302466259019123	0.0008973791989532494	-0.0004448340252926681	0.00010085081433331612	0.000532495589274357	0.0004976163468113158	0.00013061975116131073	1.6112826972944477e-05	-2.3741667134094002e-05	-0.00010531172834401121	-4.221889309398765e-05	1.108110737347891e-05	0.00010712644957883017	-8.994886689576427e-06	-8.020101959753539e-05	0.0001511087965506938	2.5583726788217464e-05	0.00010768622915491454	-7.292829017423412e-05	9.757719972333099e-05	8.807847698707024e-05	-0.0001559733414508743	0.0001295364761273778	-6.697411310348312e-05	-7.873699729306523e-05
Switched_Bm_IGHDneg	0.009805636374752898	0.002874421153991661	-0.0009575748427428907	0.0021520744963909456	-0.0008448589973343976	-0.0005862570899419867	-0.0001383135004659516	0.0002902212273319922	6.249427513557254e-05	-2.4886707406727528e-05	-8.262405559071867e-05	-7.01300052054691e-05	-4.3848955146165784e-05	-5.508647922458952e-05	-6.728817182560698e-06	-1.9278437855221353e-05	-1.792229072758694e-05	-7.100903268840377e-05	-0.00012378020502186194	-6.082999586424999e-06	1.3298877045974642e-05	1.5420361711519686e-05	3.1180005278730235e-05	7.601787525279529e-05	8.094105014657321e-05	-5.317831226045238e-06	-9.354283926011109e-06	1.6178472495326163e-05	2.1496053871624547e-05	-1.0355811047276123e-06	8.5592184187067e-05
Switched_Bm_IGHE	0.009934739683941061	0.002853122067371548	-0.0009688730358046025	0.002155856761571675	-0.0008800400263723687	-0.0006086931408510958	6.23821664406599e-05	0.00042263247752973514	5.707417868650435e-05	-8.192630473496426e-06	-0.00018171023356787982	-0.00013446246381025728	-5.975649568384225e-05	3.98592698477932e-05	0.000145947359196941	7.887278315336933e-05	6.218748931252026e-05	-4.217909858582626e-05	-2.099189294336804e-05	-6.0270805128424756e-05	0.00010000202556602099	-1.111560516415385e-05	3.8862475494922755e-05	0.00014097765696564007	0.00010444330247299865	6.522040660873449e-06	-4.6000603137378596e-05	8.838817204888304e-05	1.6492029635321267e-05	2.0239797155416093e-05	5.681072404663784e-05
Switched_activated_Bm_CD86	0.009568294102054667	0.0025930798440671264	-0.0007637049073912144	0.0019026967534463966	-0.0007382777587044231	-0.0003972500870165832	-0.00021562271073445637	0.0005868123078046539	-0.0003596788970046008	2.3245950924342777e-05	-0.00043385932380625387	0.00012496828589035004	-1.2251115600334178e-05	-0.00011047716128956949	8.977763622671845e-05	6.508241266734508e-05	2.5082425942727213e-05	-5.489224307384106e-05	1.94341586815704e-05	-1.4524223191596273e-05	9.764327317071877e-05	4.4899956794278875e-06	-4.3791211899056164e-05	9.324320494350536e-05	0.00017693613222832767	-2.58925605644295e-05	-8.13698591545243e-05	0.00012044835612186625	0.00013607243485577535	3.9629378478436095e-05	4.589516522180224e-05
Terminal_NK_dim_CD160neg	0.011501712626496347	-0.0012066808533831056	0.0022717931014299138	0.001478166794617212	0.002464163982803266	9.937032670451397e-05	-0.00028831525051976924	-0.0004917519751494717	-0.0012114863722661716	9.324064454050048e-05	-4.556430773676699e-05	-0.00018903662855721036	-0.0001489910047398936	-9.350712661944069e-05	0.00021078409166714262	-5.939847412685788e-05	-3.517786339960088e-05	-6.71873103573404e-05	-0.0003361084954672346	-0.00024125316177406282	-0.00027248718233724786	-0.00019369431100018468	-0.00011990400491948814	0.0002371688971155137	-0.00014001729101516757	0.00011419397594695431	3.966980510907364e-05	-4.9377159950504954e-05	2.9804801199033697e-05	0.0001418555282418104	-8.556946119463888e-05
Transitional_B_MME	0.009733168800870795	0.003046151696759614	-0.0010537633276237529	0.002558802235559046	-0.000619646719178734	-0.0002182230620524587	-9.519250801886594e-05	-0.0002593101144789498	7.263286860526221e-05	-2.363626532774964e-05	0.00011510872811886359	0.00018010077201693734	-1.4972554146364787e-05	9.122980811552169e-05	1.9625811865545734e-05	-6.845198107356333e-05	-7.183065804499109e-05	0.00011000995110696373	3.155760760310415e-05	5.215095215159461e-05	3.2159710550473286e-05	-4.0398655915326625e-05	-7.699626444127895e-05	-6.91822920379677e-05	-0.00015718926548150949	4.968815323600399e-06	1.9605777744811935e-05	-0.00010844900267445769	-2.544869093258774e-05	-8.464659844078985e-05	-5.0837636017328384e-05
Transitional_NK_GZMK	0.011137528139683057	-0.0008605500560107305	0.002629291036038056	0.0005250019555179026	-0.00043105605914566474	-0.0006824863501738053	0.0012462719103714442	-0.000709074436397782	-0.00012355764970617644	0.00011576815075303243	-0.0004487929380222581	7.604286342460672e-05	-0.0002128615486158094	-3.1275600544765915e-05	0.0002530044270615899	8.302826898963477e-05	0.00010054687204929602	2.808428824835969e-05	-4.5391061770479234e-05	-0.00018439337131309917	8.410867700777147e-05	9.157175364370398e-05	1.0919268295023657e-05	-7.252124422869017e-05	4.914596104693039e-05	-3.5932430783925825e-05	-1.9383870052292254e-05	-4.324734499846231e-05	-5.571944846146961e-05	5.700318523680835e-05	7.580349187424138e-05
Unswitched_Bm_CD1C	0.009604522018145512	0.0029981743701382683	-0.0009029403762520061	0.0025250707313142573	-0.0007111941810732411	-0.00022467272849042505	-0.0003111987899256716	0.00015094936962992023	6.558898813868878e-05	-4.685065152515111e-07	-3.1855159375263406e-05	2.4835669979189882e-05	-5.6645649514678434e-05	-4.5863262044579765e-05	-4.883353123203485e-05	-1.5123709696025928e-05	-5.473001270219639e-05	-1.5820733849990965e-05	-2.3569033413357822e-05	1.2896450705950205e-05	-2.941891558610355e-05	-4.115232668754572e-05	-2.2106536967862178e-05	1.508434709200538e-05	4.829272150523319e-05	2.4345275644212304e-05	2.2981069402630404e-05	5.6845136534200235e-05	7.582597698692832e-05	1.1930655023448619e-05	2.6772733240524762e-05
Unswitched_Bm_IL6	0.010722873526527782	0.0037565067032226834	-0.0009943962812700392	0.0033999839381942177	-0.0009586429194986728	-0.0003076917661118711	0.000476601742979443	0.00024948624833507043	0.001151214214074945	-2.314920708882376e-05	0.00042643940177200583	-0.0003421172007782896	-0.00013693216918321942	0.00012372073471572678	-0.0001064173739342094	-0.0002893710757925612	-0.0003216563349302542	0.00023231070535039656	0.0001386702484636214	-0.0005665296353986015	0.00014169870891916827	-2.5656826567327817e-05	0.000412191978382368	0.00025430697583182625	0.000172986259561451	-0.0002014471732519444	-1.704387947615372e-05	0.00019236135727500252	-0.00025048908684799793	0.0002470941199230922	-5.1532230217430515e-05
DC1_CLEC9A	0.006957523781472087	0.002545930929326635	0.000754371500434508	-0.0007084742976684758	-0.00030631336188700117	0.0008562395838496262	-0.000155450967350695	-0.00016276073782969775	6.141901473894638e-05	-8.474087936477812e-05	7.514166704463737e-05	-5.054360373367913e-05	0.0002462339751702441	-9.511114704290215e-05	-0.00024654519917027487	-9.923905649939498e-05	-0.00019678601773516483	-5.266506823685331e-05	9.5771560208105e-05	0.00018654246826121286	-0.00017994929156120237	7.126740735784243e-05	4.6268516977524664e-05	-0.00016856177422278483	-5.838395223483561e-05	-2.6609681429714344e-05	8.997737647305412e-05	-9.435349509535268e-05	-8.331639887103466e-05	-9.531324957341399e-05	-6.77444690007952e-05
DC2_CD1C	0.0067004960120629585	0.0026774989029040336	0.0011526363799602365	-0.0014001489957393384	-0.00011916149572079641	0.0010726487608082986	-0.00021782069752078156	-0.0001374456879893561	0.0001370342934279322	-5.3186167635036666e-05	-5.644074770263959e-06	4.144778700135445e-06	0.00010895203291577187	-2.5758070807927006e-05	-0.00012033104733657477	-0.00012250765724721268	-6.887636234230873e-05	-2.66897472750101e-05	1.0823700665182306e-05	8.11369957035573e-05	-7.578244716960342e-05	2.2079992414370835e-05	-5.121386796109252e-06	-4.0263865277350595e-05	2.202616472952397e-05	-1.7343981939010768e-05	5.079480915379272e-05	1.2875662609995207e-05	-7.70774448407087e-05	-3.293489970040855e-05	-2.807592946284794e-05
DC_CSF2RA	0.006946289501307038	0.0014319277780456211	0.001001240828492106	-0.00013825517708034162	0.0007483726037535752	0.0022081345570423936	-7.301796591632291e-05	-0.0005530394947607124	-0.0003423462305865639	-7.839063035715666e-05	0.0005782653697334236	6.22122416967838e-05	0.0005583798849781226	1.8420333956609328e-05	0.00023639952973259642	0.0007525349221758235	-0.0005481343042309137	0.0001881564019173114	0.0007158840854789071	0.0001256930864596102	-3.501846124884598e-05	0.0002018514161937385	0.0003496783445523503	-0.00028491436365286286	-7.734560255756595e-05	-0.00010805432406886703	-0.0004281391465569892	-5.931800947716348e-05	0.00016658106099421994	-4.488354894009505e-05	-6.254182141709455e-05
cMono_CD14	0.0070667059581353995	0.0029225852756398283	0.0012549630091356304	-0.0018849989310823106	0.00038736663942030196	0.0010274884638531892	-0.00019061189339819823	4.051875328063569e-05	0.00024068628329822276	-8.02123440339574e-06	1.9599841342253133e-05	7.567614239033959e-06	-3.95222784424305e-05	2.5706616049366777e-05	-1.0367601732026478e-05	-4.674688156299685e-05	6.169425625794991e-05	-2.1610064459284208e-05	-4.714474860144729e-05	-0.00010008067824072628	4.4812299337928594e-05	2.6090584301605758e-06	5.626464947128776e-06	6.579327780453828e-05	1.2333217232617137e-05	7.683348214013848e-06	2.141599408947563e-05	2.220219558918121e-05	-2.0278305157321044e-05	6.10445145270586e-05	-2.7788336290280063e-05
cMono_CXCL10	0.007368674421696374	0.0031618265554534284	0.001196230398913781	-0.002060139626281158	0.0003575791490272421	0.0008235131528963685	-0.00010304567557887262	6.41069900834354e-05	0.00021558915202152015	-8.602330481350597e-06	-5.069025668470819e-05	-0.00012978776304778527	-0.0001994075501422629	7.840235054175488e-06	0.0002106852511273067	2.1060402093579307e-05	0.00014648957819978818	-2.379204680462209e-06	-0.00010430021190203603	-0.00011004222433566827	0.00011096813236013839	-3.57245051222781e-05	-2.0428161286092926e-06	0.00010543035653217058	5.354656884295796e-05	6.704935818667428e-05	5.969267090907323e-05	4.69432464840446e-05	-2.2027124914839978e-05	1.3046824980151286e-05	5.667716141235437e-05
cMono_IFI44L	0.007319774343044289	0.0030515682472784383	0.0011856451428872167	-0.0020299851977227373	0.0004214170386407524	0.0008552640639569618	-0.00018583532404819043	4.989539158983625e-05	0.00018743252686491353	-2.3710958909679635e-05	-7.214188560503137e-05	-7.866918072306565e-05	-0.00017461958354599632	-1.6816456577419806e-05	0.00011599821703331074	3.2524298354046347e-06	0.00011734139716326567	1.5813061021093278e-05	-0.0001059881128168169	-0.00010587283469620734	9.833385397816856e-05	-3.0111026138606826e-05	5.052017325352516e-06	5.912462304483104e-05	4.299062740450708e-05	3.6346219402143386e-05	7.01032556225889e-05	6.380607300986521e-05	7.73479267328139e-06	6.384788313222571e-05	2.064465035940465e-05
cMono_IL1B	0.006966749562807817	0.0030969545823714886	0.001461625509154991	-0.001876125299472875	0.00032086433466064286	0.0012398883597476928	-5.30171214186441e-05	0.00016993308519376482	0.0002773396432802338	-1.97992532224504e-05	0.00015562873905833563	-0.00011380548982242773	-0.0001627560609672858	4.504136815844443e-05	0.00018446310623823476	3.2907264551028973e-05	0.00017763913810276522	4.277415814087813e-05	-0.0001411338953516576	-0.00018615134899205643	0.00012722142652446582	-7.857017173922735e-05	3.19521421675045e-05	7.65953800715275e-05	2.1656319607791666e-05	1.515273524332808e-05	3.9754723016460815e-05	3.145900270870887e-05	-2.5710235209452653e-05	5.719505133479283e-05	5.04557001256243e-05
gdT1_TRDV1	0.011263207772565927	-0.0012240032117359755	-0.0006149345785185038	0.00028690910379987024	-0.0004760131578868556	0.0001625212244935336	0.0008285709025668319	-0.0010893142190509491	0.00023717436291434334	9.796841055053546e-06	0.0003172810333439409	0.0002873568512870676	-0.00019850369333645893	-7.586658425959937e-07	-8.930692880236462e-05	2.1450285575272224e-05	-2.267425385228592e-05	-4.7033198354489363e-05	-9.174082075142442e-05	-0.00013250021601212398	1.5256987949624246e-05	4.2997197174599566e-05	-4.795062794314762e-07	0.0001447732510603586	-0.0001121148742683704	7.312722513435149e-05	-0.00018562012114811005	-0.00013951604697075835	0.00019169031276040783	0.00017172140605840237	-0.0001211109114159713
gdT2_GZMH	0.011704431048437372	-0.0017060771384938376	0.0024565420617884415	0.0003577363267649873	-0.0002950024663198847	-0.0006678862502920997	-0.0008017714585794744	-0.0002543704746572127	0.000192964600549354	-8.09146795586607e-05	8.651706314961809e-05	-0.00021606281366694666	1.4287332333931872e-05	4.1265226767474026e-05	-9.083760621282275e-05	-3.727621002123118e-05	0.00011285489539037191	0.00010505872372114554	6.513571133179768e-05	0.0001527435116268553	6.358085280684799e-05	4.73143433045119e-05	9.682660597061154e-05	-6.786961056237434e-05	-2.6692907981771217e-06	-8.290137316983096e-05	-1.679913703284972e-05	-2.870952646885812e-07	-0.00011080657098993987	9.693064555317368e-05	-2.8758072373103084e-05
gdT2_GZMK	0.011848697493745374	-0.0016638726027575616	0.002322320019997648	7.955493331793019e-05	-0.0014298834981283442	-0.0005278130214487365	0.00011924454100428531	0.00010573415333063213	0.0004095234549457604	-0.00016757152641641348	0.0008916225697482413	-0.000386140606929924	3.996959065949846e-05	-9.425363373912564e-05	8.599621051631229e-05	0.00030681281431735785	0.0002170932679890904	-0.00022940405676077593	-0.00027485788495966874	7.587186514594366e-05	1.7541485950000858e-05	-0.00010644856903844583	0.00025898671504404834	6.797722875213928e-06	-0.00013329139300740554	-5.678101168749005e-05	3.811989127337464e-06	6.5665487741093535e-06	-4.248635908782239e-05	-0.00011718442264046964	4.21787341703465e-05
gdT2_IL12RB2	0.011499958999486868	-0.001939484062377177	0.0018167238050597273	0.00040326655172659084	-0.0011547383857811835	0.00016987430601486913	1.1386531196620718e-05	-5.32483995384186e-05	0.00042458705802784493	-0.00019409827108866882	-2.1275319256840005e-05	-0.0006937197600928528	-0.00011489129114922078	3.7573588179125076e-05	8.248134403948021e-05	0.00024008849868849616	0.000174465389450454	-7.450243338239656e-06	-7.480424620022896e-05	-8.117323569435203e-05	0.00021284651789151642	-0.00010692097417051615	-8.394772204855306e-06	0.00015498215533923894	-5.14374800831216e-06	3.817280448787613e-05	0.00015436337372997167	-5.353335111638481e-05	-0.00010746350737934965	0.00011285576858391625	5.87014462384683e-05
intMono_GFRA2	0.0069488025336863915	0.0029846407007790136	0.0012170664194943361	-0.0017612434396464764	9.783518268273203e-05	0.0010349736424723251	-0.0001757051621888287	-3.0863029866350216e-05	0.00017193065838279518	-1.569765937865932e-05	2.81757490953706e-05	-3.7868335910777415e-05	-5.499012474496246e-05	1.212580723594155e-05	1.074571056626597e-05	-3.0096252799222014e-05	7.938847763546507e-05	-1.8921932692954876e-05	-5.893853804210942e-05	-5.384102747416666e-05	5.105650891709473e-05	-1.887276490293493e-05	-2.4810498191250458e-05	5.945818984006091e-05	1.2356122548911203e-05	2.183882593470407e-05	7.2374473591455456e-06	3.378259558742446e-05	-1.3912826922635279e-05	2.974864985399875e-05	2.5015489708525592e-05
ncMono_C1QA	0.006978627932095617	0.003036301820046995	0.0012408491092866776	-0.0016932806452809926	0.0003194300639130685	0.0010850510113998369	-0.00015810349294404587	-1.7462662314534586e-05	0.00019462120985473566	-1.1763588423306903e-05	-2.4302075506811234e-05	4.2608745370354715e-05	-9.387570848854056e-05	-1.3129021881141183e-06	2.4295105116164485e-05	-1.6683771187509247e-05	9.975531017819556e-05	1.0760173176182335e-05	-6.863297841165537e-05	-5.520743471624227e-05	4.406268018008231e-05	-2.397376336289861e-05	-2.5609015863549855e-05	6.586686660422436e-05	4.6091139779149555e-05	8.265867814108683e-06	-1.6640225665318043e-06	8.766268697018901e-06	1.1533678151415055e-05	5.1239179837463194e-05	1.0614889407131977e-05
ncMono_FCGR3A	0.007131161396695864	0.002938093124353053	0.0011649628350334676	-0.0015106686781091647	0.0005862677694637118	0.0010617552327946266	-0.00029229549652669046	-3.1232840811757196e-05	0.0001354595747073125	1.9421887467247764e-05	-4.8012460831242205e-05	0.0003075889507141353	-0.00010587046579719445	-1.527910730516666e-05	-7.049478122202725e-05	-6.135730590812299e-05	7.124578505668828e-05	2.140815549332483e-05	8.825974831801472e-06	-2.8493317439650764e-05	-3.795600730894561e-06	-9.989545653034175e-06	-1.8709025478807005e-05	4.862930299550558e-05	3.666438795437894e-05	1.4135767178317202e-05	-5.649946148578005e-05	1.0620732703206125e-05	4.943865370147845e-05	6.948770321932665e-05	-3.143742874932062e-05
ncMono_IFIT1	0.00751798009760504	0.003184807017975428	0.0011987427071066218	-0.0018197163510776412	0.0005273679582640918	0.0008222866759897647	-0.00020344612142855138	3.526658459127964e-05	0.00023003458282104712	4.643530730718876e-05	-4.4721850670635354e-05	0.0002672991311338321	-0.00023710421013569286	1.1275252328133786e-05	7.37895267978549e-05	2.115081972529178e-06	0.0001359771028348084	7.484386976330272e-05	-4.5828369766911835e-05	-0.00012901641751867027	8.402195865580364e-05	-5.833633041513514e-05	-6.167846003889469e-05	7.264985393949877e-05	6.0991004109661395e-05	5.25909487833959e-06	-5.858760025522382e-05	4.5601991080397884e-05	9.181284362910148e-05	0.00010209195803929865	-2.1261535630889664e-05
pDC_IRF4	0.006466050052473809	0.0014917876780062246	-0.00016102540953477588	0.0008344291003225322	-5.956480535221405e-05	0.0003110000844493284	-0.0004930909811784157	-0.0008318837144716391	0.00021232651612227715	-0.00013187732474002068	-0.0001874229646475928	-0.00047789647601365797	0.00047485947807475947	-0.00022643825581784122	-0.0005114147188373508	-0.00020793838105302498	-0.00029325501010767736	-0.0001247440458641297	8.098393533266011e-05	0.000470785550469616	-0.00029535065763142197	0.00012760863621242007	-0.00012347900212155292	-0.00030344796886779197	-0.00022339101926887198	7.228950541218991e-05	0.00017903529621437982	-0.0002336885347250426	-0.0003007785151643385	-0.00027779649060681014	-6.432786275192582e-05
pre-Switched_Bm_IFIT3	0.010540366177429435	0.002806748568323008	-0.0012062327743858662	0.0009578965573260606	-0.001000199782302399	-0.0016250077592522055	-2.349878694179277e-05	0.00040723871740546786	-0.0002900211434526816	-1.5264166878324854e-05	-0.000491030325808617	-0.00015252582502198048	-8.837289236329365e-05	1.070341597481525e-05	0.00018861286299065466	7.216871888903184e-05	0.00028146136101667315	0.00029301012834535145	-0.00012307606582513314	0.00019412974965210357	7.682368643086437e-05	6.339897215633595e-05	-7.917629137649849e-05	3.530061883095259e-05	0.00010764411574639501	-3.855685085299056e-06	-3.065284730739947e-05	0.00015197172690403242	6.851630699574737e-05	9.622931787531631e-05	0.00011239233188693063
pre-Switched_Bm_JAM3	0.009766940693883303	0.0029635435729321756	-0.0009617929168774727	0.0027477276883748937	-0.00041182388636586153	-0.00013594693035787339	-0.00012228351197716088	0.00033393231274787697	-0.00018806780448036786	-1.435548452703828e-05	-8.815298604479972e-05	-0.00019005507553799563	-0.00010334653507707089	-2.2416936172945822e-05	9.468362366465478e-06	6.637674222694916e-05	2.784230419706906e-05	-7.517120391376794e-05	-5.579419761500829e-05	-1.0941149126150269e-05	2.6349032126245835e-05	-3.0048151083660896e-05	-8.074008271154753e-05	0.0001293684968574243	8.815123604719815e-05	-2.4787673147033145e-05	3.5137240211511936e-05	1.2688285292799368e-05	4.903178939314652e-05	2.0185133826857728e-05	4.6719985923089986e-05
